b3d5655f-28b2-4ce1-a3d5-8ea8f2ce9f3f,8bdb012b-f281-428b-b0c6-56523853bbf6,answer text 1,true
df06622f-22c9-431f-8c25-1ae3fd20b4ee,8bdb012b-f281-428b-b0c6-56523853bbf6,answer text 2,false
db73bf01-306e-472c-afde-cdfc427a8962,8bdb012b-f281-428b-b0c6-56523853bbf6,answer text 3,false
b3d5655f-28b2-4ce1-a3d5-8ea8f2ce9f3f,8bdb012b-f281-428b-b0c6-56523853bbf6,answer text 1,true
df06622f-22c9-431f-8c25-1ae3fd20b4ee,8bdb012b-f281-428b-b0c6-56523853bbf6,answer text 2,false
db73bf01-306e-472c-afde-cdfc427a8962,8bdb012b-f281-428b-b0c6-56523853bbf6,answer text 3,false
