5e78da0e-b2ff-4deb-8c19-e989e6cc927f,04360cf3-d9c6-4d12-a87a-22fbdbd198b6,answer text 1,true
60bc9362-09c4-4293-a720-51519b2c2632,04360cf3-d9c6-4d12-a87a-22fbdbd198b6,answer text 2,false
ad0a4247-f17f-4b1f-b4d2-2bab121ea09c,04360cf3-d9c6-4d12-a87a-22fbdbd198b6,answer text 3,false
50081201-6050-41bc-a9e9-10e34f0a3411,6a8efec2-852a-4910-86a4-eba1f588e122,answer text 1,true
9a947cc5-744f-43bb-a883-421b036c1ffb,6a8efec2-852a-4910-86a4-eba1f588e122,answer text 2,false
37d5ece8-edc1-4ec1-bb42-088d59346821,6a8efec2-852a-4910-86a4-eba1f588e122,answer text 3,false
